{"textures":{"0":"modelengine:entity/rat","particle":"#0"},"elements":[{"from":[7.25,3.125,2.125],"to":[8.75,4.125,3.625],"faces":{"east":{"uv":[12.0,12.0,13.5,13.0],"tintindex":0,"rotation":0,"texture":"#0"},"south":{"uv":[12.0,1.5,13.5,2.5],"tintindex":0,"rotation":0,"texture":"#0"},"north":{"uv":[5.5,12.0,7.0,13.0],"tintindex":0,"rotation":0,"texture":"#0"},"west":{"uv":[12.0,4.5,13.5,5.5],"tintindex":0,"rotation":0,"texture":"#0"},"up":{"uv":[13.0,10.5,11.5,9.0],"tintindex":0,"rotation":0,"texture":"#0"},"down":{"uv":[4.5,12.0,3.0,13.5],"tintindex":0,"rotation":0,"texture":"#0"}}},{"from":[6.5,2.625,8.125],"to":[9.5,5.625,10.625],"faces":{"east":{"uv":[3.0,5.5,5.5,8.5],"tintindex":0,"rotation":0,"texture":"#0"},"south":{"uv":[0.0,3.0,3.0,6.0],"tintindex":0,"rotation":0,"texture":"#0"},"north":{"uv":[0.0,0.0,3.0,3.0],"tintindex":0,"rotation":0,"texture":"#0"},"west":{"uv":[5.5,5.5,8.0,8.5],"tintindex":0,"rotation":0,"texture":"#0"},"up":{"uv":[3.0,8.5,0.0,6.0],"tintindex":0,"rotation":0,"texture":"#0"},"down":{"uv":[9.0,0.0,6.0,2.5],"tintindex":0,"rotation":0,"texture":"#0"}}},{"from":[5.5,2.625,3.125],"to":[7.5,4.625,3.125],"faces":{"south":{"uv":[8.5,2.5,10.5,4.5],"tintindex":0,"rotation":0,"texture":"#0"},"north":{"uv":[6.0,8.5,8.0,10.5],"tintindex":0,"rotation":0,"texture":"#0"}}},{"from":[7.0,2.625,5.125],"to":[9.0,5.125,8.125],"faces":{"east":{"uv":[3.0,3.0,6.0,5.5],"tintindex":0,"rotation":0,"texture":"#0"},"south":{"uv":[4.0,8.5,6.0,11.0],"tintindex":0,"rotation":0,"texture":"#0"},"north":{"uv":[2.0,8.5,4.0,11.0],"tintindex":0,"rotation":0,"texture":"#0"},"west":{"uv":[3.0,0.0,6.0,2.5],"tintindex":0,"rotation":0,"texture":"#0"},"up":{"uv":[10.0,8.0,8.0,5.0],"tintindex":0,"rotation":0,"texture":"#0"},"down":{"uv":[2.0,8.5,0.0,11.5],"tintindex":0,"rotation":0,"texture":"#0"}}},{"from":[7.0,3.125,3.625],"to":[9.0,4.625,5.125],"faces":{"east":{"uv":[11.0,0.0,12.5,1.5],"tintindex":0,"rotation":0,"texture":"#0"},"south":{"uv":[10.0,4.5,12.0,6.0],"tintindex":0,"rotation":0,"texture":"#0"},"north":{"uv":[9.0,0.0,11.0,1.5],"tintindex":0,"rotation":0,"texture":"#0"},"west":{"uv":[11.5,7.5,13.0,9.0],"tintindex":0,"rotation":0,"texture":"#0"},"up":{"uv":[12.0,7.5,10.0,6.0],"tintindex":0,"rotation":0,"texture":"#0"},"down":{"uv":[8.0,10.5,6.0,12.0],"tintindex":0,"rotation":0,"texture":"#0"}}},{"from":[5.5,3.375,4.875],"to":[8.0,5.875,4.875],"faces":{"south":{"uv":[8.0,8.0,10.5,10.5],"tintindex":0,"rotation":0,"texture":"#0"},"north":{"uv":[6.0,2.5,8.5,5.0],"tintindex":0,"rotation":0,"texture":"#0"}},"rotation":{"origin":[7.5,3.875,4.875],"angle":22.5,"axis":"y"}},{"from":[8.5,2.625,3.125],"to":[10.5,4.625,3.125],"faces":{"south":{"uv":[10.5,2.5,8.5,4.5],"tintindex":0,"rotation":0,"texture":"#0"},"north":{"uv":[8.0,8.5,6.0,10.5],"tintindex":0,"rotation":0,"texture":"#0"}}},{"from":[8.0,3.375,4.875],"to":[10.5,5.875,4.875],"faces":{"south":{"uv":[10.5,8.0,8.0,10.5],"tintindex":0,"rotation":0,"texture":"#0"},"north":{"uv":[8.5,2.5,6.0,5.0],"tintindex":0,"rotation":0,"texture":"#0"}},"rotation":{"origin":[8.5,3.875,4.875],"angle":-22.5,"axis":"y"}}],"display":{"head":{"rotation":[0.0,0.0,0.0]},"firstperson_righthand":{"rotation":[0.0,0.0,0.0]},"thirdperson_lefthand":{"rotation":[0.0,-0.0,-0.0]},"firstperson_lefthand":{"rotation":[0.0,-0.0,-0.0]},"fixed":{"rotation":[0.0,0.0,0.0]},"ground":{"rotation":[0.0,0.0,0.0]},"thirdperson_righthand":{"rotation":[0.0,0.0,0.0]},"gui":{"rotation":[-150.0,-45.0,180.0]}}}