{"overrides":[{"predicate":{"custom_model_data":1},"model":"modelengine:rat/body"},{"predicate":{"custom_model_data":2},"model":"modelengine:rat/lleg"},{"predicate":{"custom_model_data":3},"model":"modelengine:rat/tail"},{"predicate":{"custom_model_data":4},"model":"modelengine:rat/lleg4"},{"predicate":{"custom_model_data":5},"model":"modelengine:rat/lleg3"},{"predicate":{"custom_model_data":6},"model":"modelengine:rat/lleg2"},{"predicate":{"custom_model_data":7},"model":"modelengine:training_dummy/training_dummy"},{"predicate":{"custom_model_data":8},"model":"modelengine:training_dummy/torso"},{"predicate":{"custom_model_data":9},"model":"modelengine:training_dummy/right_arm"},{"predicate":{"custom_model_data":10},"model":"modelengine:training_dummy/left_arm"},{"predicate":{"custom_model_data":11},"model":"modelengine:training_dummy/head"}],"parent":"minecraft:item/generated","textures":{"layer0":"minecraft:item/leather_horse_armor"}}