{"textures":{"0":"modelengine:entity/rat","particle":"#0"},"elements":[{"from":[7.75,3.125,6.625],"to":[8.25,4.625,7.625],"faces":{"east":{"uv":[13.0,5.5,12.0,7.0],"tintindex":0,"rotation":0,"texture":"#0"},"south":{"uv":[12.5,13.0,12.0,14.5],"tintindex":0,"rotation":0,"texture":"#0"},"north":{"uv":[7.0,13.0,6.5,14.5],"tintindex":0,"rotation":0,"texture":"#0"},"west":{"uv":[8.0,12.0,7.0,13.5],"tintindex":0,"rotation":0,"texture":"#0"},"up":{"uv":[13.0,6.5,13.5,5.5],"tintindex":0,"rotation":0,"texture":"#0"},"down":{"uv":[13.0,6.5,13.5,7.5],"tintindex":0,"rotation":0,"texture":"#0"}}},{"from":[7.75,2.625,6.125],"to":[8.25,3.125,7.125],"faces":{"east":{"uv":[8.0,5.0,7.0,5.5],"tintindex":0,"rotation":0,"texture":"#0"},"south":{"uv":[9.5,4.5,9.0,5.0],"tintindex":0,"rotation":0,"texture":"#0"},"north":{"uv":[9.0,4.5,8.5,5.0],"tintindex":0,"rotation":0,"texture":"#0"},"west":{"uv":[7.0,5.0,6.0,5.5],"tintindex":0,"rotation":0,"texture":"#0"},"up":{"uv":[13.0,8.5,13.5,7.5],"tintindex":0,"rotation":0,"texture":"#0"},"down":{"uv":[13.0,8.5,13.5,9.5],"tintindex":0,"rotation":0,"texture":"#0"}}}],"display":{"head":{"rotation":[0.0,0.0,0.0]},"firstperson_righthand":{"rotation":[0.0,0.0,0.0]},"thirdperson_lefthand":{"rotation":[0.0,-0.0,-0.0]},"firstperson_lefthand":{"rotation":[0.0,-0.0,-0.0]},"fixed":{"rotation":[0.0,0.0,0.0]},"ground":{"rotation":[0.0,0.0,0.0]},"thirdperson_righthand":{"rotation":[0.0,0.0,0.0]},"gui":{"rotation":[-150.0,-45.0,180.0]}}}