{"textures":{"0":"modelengine:entity/rat","particle":"#0"},"elements":[{"from":[7.625,3.0,7.875],"to":[8.625,5.0,9.375],"faces":{"east":{"uv":[8.0,10.5,9.5,12.5],"tintindex":0,"rotation":0,"texture":"#0"},"south":{"uv":[4.5,12.0,5.5,14.0],"tintindex":0,"rotation":0,"texture":"#0"},"north":{"uv":[1.0,11.5,2.0,13.5],"tintindex":0,"rotation":0,"texture":"#0"},"west":{"uv":[9.5,10.5,11.0,12.5],"tintindex":0,"rotation":0,"texture":"#0"},"up":{"uv":[13.0,12.0,12.0,10.5],"tintindex":0,"rotation":0,"texture":"#0"},"down":{"uv":[9.0,12.5,8.0,14.0],"tintindex":0,"rotation":0,"texture":"#0"}}},{"from":[7.625,2.5,7.375],"to":[8.125,3.0,8.875],"faces":{"east":{"uv":[3.0,2.5,4.5,3.0],"tintindex":0,"rotation":0,"texture":"#0"},"south":{"uv":[10.0,7.5,10.5,8.0],"tintindex":0,"rotation":0,"texture":"#0"},"north":{"uv":[9.5,4.5,10.0,5.0],"tintindex":0,"rotation":0,"texture":"#0"},"west":{"uv":[4.5,2.5,6.0,3.0],"tintindex":0,"rotation":0,"texture":"#0"},"up":{"uv":[13.0,14.5,12.5,13.0],"tintindex":0,"rotation":0,"texture":"#0"},"down":{"uv":[13.5,13.0,13.0,14.5],"tintindex":0,"rotation":0,"texture":"#0"}}}],"display":{"head":{"rotation":[0.0,0.0,0.0]},"firstperson_righthand":{"rotation":[0.0,0.0,0.0]},"thirdperson_lefthand":{"rotation":[0.0,-0.0,-0.0]},"firstperson_lefthand":{"rotation":[0.0,-0.0,-0.0]},"fixed":{"rotation":[0.0,0.0,0.0]},"ground":{"rotation":[0.0,0.0,0.0]},"thirdperson_righthand":{"rotation":[0.0,0.0,0.0]},"gui":{"rotation":[-150.0,-45.0,180.0]}}}