{"textures":{"0":"modelengine:entity/rat","particle":"#0"},"elements":[{"from":[7.5,4.58328,7.68925],"to":[8.5,5.58328,10.68925],"faces":{"east":{"uv":[9.0,1.5,12.0,2.5],"tintindex":0,"rotation":0,"texture":"#0"},"south":{"uv":[10.0,12.5,11.0,13.5],"tintindex":0,"rotation":0,"texture":"#0"},"north":{"uv":[9.0,12.5,10.0,13.5],"tintindex":0,"rotation":0,"texture":"#0"},"west":{"uv":[10.5,2.5,13.5,3.5],"tintindex":0,"rotation":0,"texture":"#0"},"up":{"uv":[11.5,10.5,10.5,7.5],"tintindex":0,"rotation":0,"texture":"#0"},"down":{"uv":[3.0,11.0,2.0,14.0],"tintindex":0,"rotation":0,"texture":"#0"}},"rotation":{"origin":[7.75,5.33328,8.68925],"angle":22.5,"axis":"x"}},{"from":[7.5,3.875,10.25],"to":[8.5,4.875,13.25],"faces":{"east":{"uv":[10.5,3.5,13.5,4.5],"tintindex":0,"rotation":0,"texture":"#0"},"south":{"uv":[5.5,13.0,6.5,14.0],"tintindex":0,"rotation":0,"texture":"#0"},"north":{"uv":[12.5,0.0,13.5,1.0],"tintindex":0,"rotation":0,"texture":"#0"},"west":{"uv":[3.0,11.0,6.0,12.0],"tintindex":0,"rotation":0,"texture":"#0"},"up":{"uv":[12.0,14.0,11.0,11.0],"tintindex":0,"rotation":0,"texture":"#0"},"down":{"uv":[1.0,11.5,0.0,14.5],"tintindex":0,"rotation":0,"texture":"#0"}}}],"display":{"head":{"rotation":[0.0,0.0,0.0]},"firstperson_righthand":{"rotation":[0.0,0.0,0.0]},"thirdperson_lefthand":{"rotation":[0.0,-0.0,-0.0]},"firstperson_lefthand":{"rotation":[0.0,-0.0,-0.0]},"fixed":{"rotation":[0.0,0.0,0.0]},"ground":{"rotation":[0.0,0.0,0.0]},"thirdperson_righthand":{"rotation":[0.0,0.0,0.0]},"gui":{"rotation":[-150.0,-45.0,180.0]}}}