{"sources":[{"type":"single","resource":"oraxen:trims/models/armor/ruby_leggings","sprite":"oraxen:trims/models/armor/ruby_leggings"},{"type":"single","resource":"oraxen:trims/models/armor/ruby","sprite":"oraxen:trims/models/armor/ruby"},{"type":"single","resource":"oraxen:trims/models/armor/obsidian_leggings","sprite":"oraxen:trims/models/armor/obsidian_leggings"},{"type":"single","resource":"oraxen:trims/models/armor/obsidian","sprite":"oraxen:trims/models/armor/obsidian"},{"type":"single","resource":"oraxen:trims/models/armor/emerald_leggings","sprite":"oraxen:trims/models/armor/emerald_leggings"},{"type":"single","resource":"oraxen:trims/models/armor/emerald","sprite":"oraxen:trims/models/armor/emerald"},{"type":"single","resource":"minecraft:trims/models/armor/chainmail_leggings","sprite":"minecraft:trims/models/armor/chainmail_leggings"},{"type":"single","resource":"minecraft:trims/models/armor/chainmail","sprite":"minecraft:trims/models/armor/chainmail"},{"type":"single","resource":"minecraft:required/particle","sprite":"minecraft:required/particle"},{"type":"single","resource":"minecraft:required/exit_icon","sprite":"minecraft:required/exit_icon"},{"type":"single","resource":"minecraft:required/ascii_offset","sprite":"minecraft:required/ascii_offset"},{"type":"single","resource":"minecraft:required/arrow_previous_icon","sprite":"minecraft:required/arrow_previous_icon"},{"type":"single","resource":"minecraft:required/arrow_next_icon","sprite":"minecraft:required/arrow_next_icon"},{"type":"single","resource":"minecraft:models/armor/leather_layer_2_overlay","sprite":"minecraft:models/armor/leather_layer_2_overlay"},{"type":"single","resource":"minecraft:models/armor/leather_layer_1_overlay","sprite":"minecraft:models/armor/leather_layer_1_overlay"},{"type":"single","resource":"minecraft:item/weapons/wooden_warhammer","sprite":"minecraft:item/weapons/wooden_warhammer"},{"type":"single","resource":"minecraft:item/weapons/wooden_spear","sprite":"minecraft:item/weapons/wooden_spear"},{"type":"single","resource":"minecraft:item/weapons/wooden_rapier","sprite":"minecraft:item/weapons/wooden_rapier"},{"type":"single","resource":"minecraft:item/weapons/wooden_mace","sprite":"minecraft:item/weapons/wooden_mace"},{"type":"single","resource":"minecraft:item/weapons/wooden_greataxe","sprite":"minecraft:item/weapons/wooden_greataxe"},{"type":"single","resource":"minecraft:item/weapons/wooden_dagger","sprite":"minecraft:item/weapons/wooden_dagger"},{"type":"single","resource":"minecraft:item/weapons/stone_warhammer","sprite":"minecraft:item/weapons/stone_warhammer"},{"type":"single","resource":"minecraft:item/weapons/stone_spear","sprite":"minecraft:item/weapons/stone_spear"},{"type":"single","resource":"minecraft:item/weapons/stone_rapier","sprite":"minecraft:item/weapons/stone_rapier"},{"type":"single","resource":"minecraft:item/weapons/stone_mace","sprite":"minecraft:item/weapons/stone_mace"},{"type":"single","resource":"minecraft:item/weapons/stone_greataxe","sprite":"minecraft:item/weapons/stone_greataxe"},{"type":"single","resource":"minecraft:item/weapons/stone_dagger","sprite":"minecraft:item/weapons/stone_dagger"},{"type":"single","resource":"minecraft:item/weapons/netherite_warhammer","sprite":"minecraft:item/weapons/netherite_warhammer"},{"type":"single","resource":"minecraft:item/weapons/netherite_spear","sprite":"minecraft:item/weapons/netherite_spear"},{"type":"single","resource":"minecraft:item/weapons/netherite_rapier","sprite":"minecraft:item/weapons/netherite_rapier"},{"type":"single","resource":"minecraft:item/weapons/netherite_mace","sprite":"minecraft:item/weapons/netherite_mace"},{"type":"single","resource":"minecraft:item/weapons/netherite_greataxe","sprite":"minecraft:item/weapons/netherite_greataxe"},{"type":"single","resource":"minecraft:item/weapons/netherite_dagger","sprite":"minecraft:item/weapons/netherite_dagger"},{"type":"single","resource":"minecraft:item/weapons/iron_warhammer","sprite":"minecraft:item/weapons/iron_warhammer"},{"type":"single","resource":"minecraft:item/weapons/iron_spear","sprite":"minecraft:item/weapons/iron_spear"},{"type":"single","resource":"minecraft:item/weapons/iron_rapier","sprite":"minecraft:item/weapons/iron_rapier"},{"type":"single","resource":"minecraft:item/weapons/iron_mace","sprite":"minecraft:item/weapons/iron_mace"},{"type":"single","resource":"minecraft:item/weapons/iron_greataxe","sprite":"minecraft:item/weapons/iron_greataxe"},{"type":"single","resource":"minecraft:item/weapons/iron_dagger","sprite":"minecraft:item/weapons/iron_dagger"},{"type":"single","resource":"minecraft:item/weapons/golden_warhammer","sprite":"minecraft:item/weapons/golden_warhammer"},{"type":"single","resource":"minecraft:item/weapons/golden_spear","sprite":"minecraft:item/weapons/golden_spear"},{"type":"single","resource":"minecraft:item/weapons/golden_rapier","sprite":"minecraft:item/weapons/golden_rapier"},{"type":"single","resource":"minecraft:item/weapons/golden_mace","sprite":"minecraft:item/weapons/golden_mace"},{"type":"single","resource":"minecraft:item/weapons/golden_greataxe","sprite":"minecraft:item/weapons/golden_greataxe"},{"type":"single","resource":"minecraft:item/weapons/golden_dagger","sprite":"minecraft:item/weapons/golden_dagger"},{"type":"single","resource":"minecraft:item/weapons/diamond_warhammer","sprite":"minecraft:item/weapons/diamond_warhammer"},{"type":"single","resource":"minecraft:item/weapons/diamond_spear","sprite":"minecraft:item/weapons/diamond_spear"},{"type":"single","resource":"minecraft:item/weapons/diamond_rapier","sprite":"minecraft:item/weapons/diamond_rapier"},{"type":"single","resource":"minecraft:item/weapons/diamond_mace","sprite":"minecraft:item/weapons/diamond_mace"},{"type":"single","resource":"minecraft:item/weapons/diamond_greataxe","sprite":"minecraft:item/weapons/diamond_greataxe"},{"type":"single","resource":"minecraft:item/weapons/diamond_dagger","sprite":"minecraft:item/weapons/diamond_dagger"},{"type":"single","resource":"minecraft:item/weapons/copper_warhammer","sprite":"minecraft:item/weapons/copper_warhammer"},{"type":"single","resource":"minecraft:item/weapons/copper_sword","sprite":"minecraft:item/weapons/copper_sword"},{"type":"single","resource":"minecraft:item/weapons/copper_spear","sprite":"minecraft:item/weapons/copper_spear"},{"type":"single","resource":"minecraft:item/weapons/copper_rapier","sprite":"minecraft:item/weapons/copper_rapier"},{"type":"single","resource":"minecraft:item/weapons/copper_mace","sprite":"minecraft:item/weapons/copper_mace"},{"type":"single","resource":"minecraft:item/weapons/copper_greataxe","sprite":"minecraft:item/weapons/copper_greataxe"},{"type":"single","resource":"minecraft:item/weapons/copper_dagger","sprite":"minecraft:item/weapons/copper_dagger"},{"type":"single","resource":"minecraft:item/trinkets/trinket_ring_warding","sprite":"minecraft:item/trinkets/trinket_ring_warding"},{"type":"single","resource":"minecraft:item/trinkets/trinket_ring_shattering","sprite":"minecraft:item/trinkets/trinket_ring_shattering"},{"type":"single","resource":"minecraft:item/trinkets/trinket_ring_reach","sprite":"minecraft:item/trinkets/trinket_ring_reach"},{"type":"single","resource":"minecraft:item/trinkets/trinket_ring_protection","sprite":"minecraft:item/trinkets/trinket_ring_protection"},{"type":"single","resource":"minecraft:item/trinkets/trinket_ring_primordial","sprite":"minecraft:item/trinkets/trinket_ring_primordial"},{"type":"single","resource":"minecraft:item/trinkets/trinket_ring_paladins_bane","sprite":"minecraft:item/trinkets/trinket_ring_paladins_bane"},{"type":"single","resource":"minecraft:item/trinkets/trinket_ring_obsidian","sprite":"minecraft:item/trinkets/trinket_ring_obsidian"},{"type":"single","resource":"minecraft:item/trinkets/trinket_ring_narya","sprite":"minecraft:item/trinkets/trinket_ring_narya"},{"type":"single","resource":"minecraft:item/trinkets/trinket_ring_magnus","sprite":"minecraft:item/trinkets/trinket_ring_magnus"},{"type":"single","resource":"minecraft:item/trinkets/trinket_ring_gungnir","sprite":"minecraft:item/trinkets/trinket_ring_gungnir"},{"type":"single","resource":"minecraft:item/trinkets/trinket_ring_deflection","sprite":"minecraft:item/trinkets/trinket_ring_deflection"},{"type":"single","resource":"minecraft:item/trinkets/trinket_ring_athena","sprite":"minecraft:item/trinkets/trinket_ring_athena"},{"type":"single","resource":"minecraft:item/trinkets/trinket_necklace_vigor","sprite":"minecraft:item/trinkets/trinket_necklace_vigor"},{"type":"single","resource":"minecraft:item/trinkets/trinket_necklace_mania","sprite":"minecraft:item/trinkets/trinket_necklace_mania"},{"type":"single","resource":"minecraft:item/trinkets/trinket_necklace_magic_quiver","sprite":"minecraft:item/trinkets/trinket_necklace_magic_quiver"},{"type":"single","resource":"minecraft:item/trinkets/trinket_necklace_kratos","sprite":"minecraft:item/trinkets/trinket_necklace_kratos"},{"type":"single","resource":"minecraft:item/trinkets/trinket_necklace_hermes","sprite":"minecraft:item/trinkets/trinket_necklace_hermes"},{"type":"single","resource":"minecraft:item/trinkets/trinket_necklace_furyforged","sprite":"minecraft:item/trinkets/trinket_necklace_furyforged"},{"type":"single","resource":"minecraft:item/trinkets/trinket_necklace_fury","sprite":"minecraft:item/trinkets/trinket_necklace_fury"},{"type":"single","resource":"minecraft:item/trinkets/trinket_necklace_erinle","sprite":"minecraft:item/trinkets/trinket_necklace_erinle"},{"type":"single","resource":"minecraft:item/trinkets/trinket_necklace_divine_blessing","sprite":"minecraft:item/trinkets/trinket_necklace_divine_blessing"},{"type":"single","resource":"minecraft:item/trinkets/trinket_necklace_cross","sprite":"minecraft:item/trinkets/trinket_necklace_cross"},{"type":"single","resource":"minecraft:item/trinkets/trinket_necklace_avenger","sprite":"minecraft:item/trinkets/trinket_necklace_avenger"},{"type":"single","resource":"minecraft:item/trinkets/trinket_necklace_artemis","sprite":"minecraft:item/trinkets/trinket_necklace_artemis"},{"type":"single","resource":"minecraft:item/trinkets/trinket_necklace_adrenaline","sprite":"minecraft:item/trinkets/trinket_necklace_adrenaline"},{"type":"single","resource":"minecraft:item/trinkets/trinket_armband_transfusion","sprite":"minecraft:item/trinkets/trinket_armband_transfusion"},{"type":"single","resource":"minecraft:item/trinkets/trinket_armband_titans_glove","sprite":"minecraft:item/trinkets/trinket_armband_titans_glove"},{"type":"single","resource":"minecraft:item/trinkets/trinket_armband_regeneration","sprite":"minecraft:item/trinkets/trinket_armband_regeneration"},{"type":"single","resource":"minecraft:item/trinkets/trinket_armband_rebirth","sprite":"minecraft:item/trinkets/trinket_armband_rebirth"},{"type":"single","resource":"minecraft:item/trinkets/trinket_armband_purity","sprite":"minecraft:item/trinkets/trinket_armband_purity"},{"type":"single","resource":"minecraft:item/trinkets/trinket_armband_precision","sprite":"minecraft:item/trinkets/trinket_armband_precision"},{"type":"single","resource":"minecraft:item/trinkets/trinket_armband_juggernaut","sprite":"minecraft:item/trinkets/trinket_armband_juggernaut"},{"type":"single","resource":"minecraft:item/trinkets/trinket_armband_force","sprite":"minecraft:item/trinkets/trinket_armband_force"},{"type":"single","resource":"minecraft:item/trinkets/trinket_armband_deathbringer","sprite":"minecraft:item/trinkets/trinket_armband_deathbringer"},{"type":"single","resource":"minecraft:item/trinkets/trinket_armband_bezoar","sprite":"minecraft:item/trinkets/trinket_armband_bezoar"},{"type":"single","resource":"minecraft:item/trinkets/trinket_armband_bandaid","sprite":"minecraft:item/trinkets/trinket_armband_bandaid"},{"type":"single","resource":"minecraft:item/trinkets/trinket_armband_armored_bracer","sprite":"minecraft:item/trinkets/trinket_armband_armored_bracer"},{"type":"single","resource":"minecraft:item/trinkets/topaz_gold_ring","sprite":"minecraft:item/trinkets/topaz_gold_ring"},{"type":"single","resource":"minecraft:item/trinkets/topaz_gold_necklace","sprite":"minecraft:item/trinkets/topaz_gold_necklace"},{"type":"single","resource":"minecraft:item/trinkets/topaz_gold_circlet","sprite":"minecraft:item/trinkets/topaz_gold_circlet"},{"type":"single","resource":"minecraft:item/trinkets/topaz_gold_bracer","sprite":"minecraft:item/trinkets/topaz_gold_bracer"},{"type":"single","resource":"minecraft:item/trinkets/silver_armring","sprite":"minecraft:item/trinkets/silver_armring"},{"type":"single","resource":"minecraft:item/trinkets/sapphire_gold_ring","sprite":"minecraft:item/trinkets/sapphire_gold_ring"},{"type":"single","resource":"minecraft:item/trinkets/sapphire_gold_necklace","sprite":"minecraft:item/trinkets/sapphire_gold_necklace"},{"type":"single","resource":"minecraft:item/trinkets/sapphire_gold_circlet","sprite":"minecraft:item/trinkets/sapphire_gold_circlet"},{"type":"single","resource":"minecraft:item/trinkets/sapphire_gold_bracer","sprite":"minecraft:item/trinkets/sapphire_gold_bracer"},{"type":"single","resource":"minecraft:item/trinkets/ruby_gold_ring","sprite":"minecraft:item/trinkets/ruby_gold_ring"},{"type":"single","resource":"minecraft:item/trinkets/ruby_gold_necklace","sprite":"minecraft:item/trinkets/ruby_gold_necklace"},{"type":"single","resource":"minecraft:item/trinkets/ruby_gold_circlet","sprite":"minecraft:item/trinkets/ruby_gold_circlet"},{"type":"single","resource":"minecraft:item/trinkets/ruby_gold_bracer","sprite":"minecraft:item/trinkets/ruby_gold_bracer"},{"type":"single","resource":"minecraft:item/trinkets/rough_gold_ring","sprite":"minecraft:item/trinkets/rough_gold_ring"},{"type":"single","resource":"minecraft:item/trinkets/rough_gold_necklace_amulet","sprite":"minecraft:item/trinkets/rough_gold_necklace_amulet"},{"type":"single","resource":"minecraft:item/trinkets/rough_gold_circlet","sprite":"minecraft:item/trinkets/rough_gold_circlet"},{"type":"single","resource":"minecraft:item/trinkets/rough_gold_bracer","sprite":"minecraft:item/trinkets/rough_gold_bracer"},{"type":"single","resource":"minecraft:item/trinkets/peridot_gold_ring","sprite":"minecraft:item/trinkets/peridot_gold_ring"},{"type":"single","resource":"minecraft:item/trinkets/peridot_gold_necklace","sprite":"minecraft:item/trinkets/peridot_gold_necklace"},{"type":"single","resource":"minecraft:item/trinkets/peridot_gold_circlet","sprite":"minecraft:item/trinkets/peridot_gold_circlet"},{"type":"single","resource":"minecraft:item/trinkets/peridot_gold_bracer","sprite":"minecraft:item/trinkets/peridot_gold_bracer"},{"type":"single","resource":"minecraft:item/trinkets/opal_golden_ring","sprite":"minecraft:item/trinkets/opal_golden_ring"},{"type":"single","resource":"minecraft:item/trinkets/opal_golden_necklace","sprite":"minecraft:item/trinkets/opal_golden_necklace"},{"type":"single","resource":"minecraft:item/trinkets/opal_golden_bracer","sprite":"minecraft:item/trinkets/opal_golden_bracer"},{"type":"single","resource":"minecraft:item/trinkets/opal_gold_ring","sprite":"minecraft:item/trinkets/opal_gold_ring"},{"type":"single","resource":"minecraft:item/trinkets/opal_gold_necklace","sprite":"minecraft:item/trinkets/opal_gold_necklace"},{"type":"single","resource":"minecraft:item/trinkets/opal_gold_circlet","sprite":"minecraft:item/trinkets/opal_gold_circlet"},{"type":"single","resource":"minecraft:item/trinkets/opal_gold_bracer","sprite":"minecraft:item/trinkets/opal_gold_bracer"},{"type":"single","resource":"minecraft:item/trinkets/gold_ring_3","sprite":"minecraft:item/trinkets/gold_ring_3"},{"type":"single","resource":"minecraft:item/trinkets/gold_ring_2","sprite":"minecraft:item/trinkets/gold_ring_2"},{"type":"single","resource":"minecraft:item/trinkets/gold_ring","sprite":"minecraft:item/trinkets/gold_ring"},{"type":"single","resource":"minecraft:item/trinkets/gold_necklace_amulet","sprite":"minecraft:item/trinkets/gold_necklace_amulet"},{"type":"single","resource":"minecraft:item/trinkets/gold_necklace_2","sprite":"minecraft:item/trinkets/gold_necklace_2"},{"type":"single","resource":"minecraft:item/trinkets/gold_necklace","sprite":"minecraft:item/trinkets/gold_necklace"},{"type":"single","resource":"minecraft:item/trinkets/gold_circlet","sprite":"minecraft:item/trinkets/gold_circlet"},{"type":"single","resource":"minecraft:item/trinkets/gold_bracer","sprite":"minecraft:item/trinkets/gold_bracer"},{"type":"single","resource":"minecraft:item/trinkets/gold_armring","sprite":"minecraft:item/trinkets/gold_armring"},{"type":"single","resource":"minecraft:item/trinkets/emerald_gold_ring","sprite":"minecraft:item/trinkets/emerald_gold_ring"},{"type":"single","resource":"minecraft:item/trinkets/emerald_gold_necklace","sprite":"minecraft:item/trinkets/emerald_gold_necklace"},{"type":"single","resource":"minecraft:item/trinkets/emerald_gold_circlet","sprite":"minecraft:item/trinkets/emerald_gold_circlet"},{"type":"single","resource":"minecraft:item/trinkets/emerald_gold_bracer","sprite":"minecraft:item/trinkets/emerald_gold_bracer"},{"type":"single","resource":"minecraft:item/trinkets/diamond_gold_ring","sprite":"minecraft:item/trinkets/diamond_gold_ring"},{"type":"single","resource":"minecraft:item/trinkets/diamond_gold_necklace","sprite":"minecraft:item/trinkets/diamond_gold_necklace"},{"type":"single","resource":"minecraft:item/trinkets/diamond_gold_circlet","sprite":"minecraft:item/trinkets/diamond_gold_circlet"},{"type":"single","resource":"minecraft:item/trinkets/diamond_gold_bracer","sprite":"minecraft:item/trinkets/diamond_gold_bracer"},{"type":"single","resource":"minecraft:item/trinkets/amethyst_gold_ring","sprite":"minecraft:item/trinkets/amethyst_gold_ring"},{"type":"single","resource":"minecraft:item/trinkets/amethyst_gold_necklace","sprite":"minecraft:item/trinkets/amethyst_gold_necklace"},{"type":"single","resource":"minecraft:item/trinkets/amethyst_gold_circlet","sprite":"minecraft:item/trinkets/amethyst_gold_circlet"},{"type":"single","resource":"minecraft:item/trinkets/amethyst_gold_bracer","sprite":"minecraft:item/trinkets/amethyst_gold_bracer"},{"type":"single","resource":"minecraft:item/tools/netherite_shears","sprite":"minecraft:item/tools/netherite_shears"},{"type":"single","resource":"minecraft:item/tools/netherite_jewelry_hammer","sprite":"minecraft:item/tools/netherite_jewelry_hammer"},{"type":"single","resource":"minecraft:item/tools/copper_shovel","sprite":"minecraft:item/tools/copper_shovel"},{"type":"single","resource":"minecraft:item/tools/copper_pickaxe","sprite":"minecraft:item/tools/copper_pickaxe"},{"type":"single","resource":"minecraft:item/tools/copper_hoe","sprite":"minecraft:item/tools/copper_hoe"},{"type":"single","resource":"minecraft:item/tools/copper_axe","sprite":"minecraft:item/tools/copper_axe"},{"type":"single","resource":"minecraft:item/misc/poison_vial","sprite":"minecraft:item/misc/poison_vial"},{"type":"single","resource":"minecraft:item/misc/hurt_vial","sprite":"minecraft:item/misc/hurt_vial"},{"type":"single","resource":"minecraft:item/misc/holy_water_vial","sprite":"minecraft:item/misc/holy_water_vial"},{"type":"single","resource":"minecraft:item/misc/empty_vial","sprite":"minecraft:item/misc/empty_vial"},{"type":"single","resource":"minecraft:item/misc/antiheal_vial","sprite":"minecraft:item/misc/antiheal_vial"},{"type":"single","resource":"minecraft:item/materials/withered_filament","sprite":"minecraft:item/materials/withered_filament"},{"type":"single","resource":"minecraft:item/materials/unstable_diamond","sprite":"minecraft:item/materials/unstable_diamond"},{"type":"single","resource":"minecraft:item/materials/tutor_lotus","sprite":"minecraft:item/materials/tutor_lotus"},{"type":"single","resource":"minecraft:item/materials/topaz","sprite":"minecraft:item/materials/topaz"},{"type":"single","resource":"minecraft:item/materials/steelblossom","sprite":"minecraft:item/materials/steelblossom"},{"type":"single","resource":"minecraft:item/materials/shimmerleaf","sprite":"minecraft:item/materials/shimmerleaf"},{"type":"single","resource":"minecraft:item/materials/sharpening_stone","sprite":"minecraft:item/materials/sharpening_stone"},{"type":"single","resource":"minecraft:item/materials/sapphire","sprite":"minecraft:item/materials/sapphire"},{"type":"single","resource":"minecraft:item/materials/ruby","sprite":"minecraft:item/materials/ruby"},{"type":"single","resource":"minecraft:item/materials/ring_mold","sprite":"minecraft:item/materials/ring_mold"},{"type":"single","resource":"minecraft:item/materials/raw_topaz","sprite":"minecraft:item/materials/raw_topaz"},{"type":"single","resource":"minecraft:item/materials/raw_sapphire","sprite":"minecraft:item/materials/raw_sapphire"},{"type":"single","resource":"minecraft:item/materials/raw_ruby","sprite":"minecraft:item/materials/raw_ruby"},{"type":"single","resource":"minecraft:item/materials/raw_peridot","sprite":"minecraft:item/materials/raw_peridot"},{"type":"single","resource":"minecraft:item/materials/raw_opal","sprite":"minecraft:item/materials/raw_opal"},{"type":"single","resource":"minecraft:item/materials/pollen_stalks","sprite":"minecraft:item/materials/pollen_stalks"},{"type":"single","resource":"minecraft:item/materials/polishing_stone","sprite":"minecraft:item/materials/polishing_stone"},{"type":"single","resource":"minecraft:item/materials/polishing_compound","sprite":"minecraft:item/materials/polishing_compound"},{"type":"single","resource":"minecraft:item/materials/peridot","sprite":"minecraft:item/materials/peridot"},{"type":"single","resource":"minecraft:item/materials/opal","sprite":"minecraft:item/materials/opal"},{"type":"single","resource":"minecraft:item/materials/noxious_spores","sprite":"minecraft:item/materials/noxious_spores"},{"type":"single","resource":"minecraft:item/materials/necklace_amulet_mold","sprite":"minecraft:item/materials/necklace_amulet_mold"},{"type":"single","resource":"minecraft:item/materials/melted_wax","sprite":"minecraft:item/materials/melted_wax"},{"type":"single","resource":"minecraft:item/materials/leather_strip","sprite":"minecraft:item/materials/leather_strip"},{"type":"single","resource":"minecraft:item/materials/knightsreed","sprite":"minecraft:item/materials/knightsreed"},{"type":"single","resource":"minecraft:item/materials/hot_netherite_ingot","sprite":"minecraft:item/materials/hot_netherite_ingot"},{"type":"single","resource":"minecraft:item/materials/hot_iron_ingot","sprite":"minecraft:item/materials/hot_iron_ingot"},{"type":"single","resource":"minecraft:item/materials/hot_gold_ingot","sprite":"minecraft:item/materials/hot_gold_ingot"},{"type":"single","resource":"minecraft:item/materials/hot_copper_ingot","sprite":"minecraft:item/materials/hot_copper_ingot"},{"type":"single","resource":"minecraft:item/materials/goldroot","sprite":"minecraft:item/materials/goldroot"},{"type":"single","resource":"minecraft:item/materials/gold_strip","sprite":"minecraft:item/materials/gold_strip"},{"type":"single","resource":"minecraft:item/materials/gold_plate","sprite":"minecraft:item/materials/gold_plate"},{"type":"single","resource":"minecraft:item/materials/experience_gem","sprite":"minecraft:item/materials/experience_gem"},{"type":"single","resource":"minecraft:item/materials/diamond_shard","sprite":"minecraft:item/materials/diamond_shard"},{"type":"single","resource":"minecraft:item/materials/diamond_dust","sprite":"minecraft:item/materials/diamond_dust"},{"type":"single","resource":"minecraft:item/materials/copper_nugget","sprite":"minecraft:item/materials/copper_nugget"},{"type":"single","resource":"minecraft:item/materials/choral_leather","sprite":"minecraft:item/materials/choral_leather"},{"type":"single","resource":"minecraft:item/materials/calcified_seed","sprite":"minecraft:item/materials/calcified_seed"},{"type":"single","resource":"minecraft:item/materials/bustling_fungus","sprite":"minecraft:item/materials/bustling_fungus"},{"type":"single","resource":"minecraft:item/materials/burnt_bark","sprite":"minecraft:item/materials/burnt_bark"},{"type":"single","resource":"minecraft:item/materials/attuned_scroll","sprite":"minecraft:item/materials/attuned_scroll"},{"type":"single","resource":"minecraft:item/materials/ambrosial_nectar","sprite":"minecraft:item/materials/ambrosial_nectar"},{"type":"single","resource":"minecraft:item/materials/alchemical_powder","sprite":"minecraft:item/materials/alchemical_powder"},{"type":"single","resource":"minecraft:item/gui/skilltree_w","sprite":"minecraft:item/gui/skilltree_w"},{"type":"single","resource":"minecraft:item/gui/skilltree_sw","sprite":"minecraft:item/gui/skilltree_sw"},{"type":"single","resource":"minecraft:item/gui/skilltree_se","sprite":"minecraft:item/gui/skilltree_se"},{"type":"single","resource":"minecraft:item/gui/skilltree_s","sprite":"minecraft:item/gui/skilltree_s"},{"type":"single","resource":"minecraft:item/gui/skilltree_nw","sprite":"minecraft:item/gui/skilltree_nw"},{"type":"single","resource":"minecraft:item/gui/skilltree_ne","sprite":"minecraft:item/gui/skilltree_ne"},{"type":"single","resource":"minecraft:item/gui/skilltree_n","sprite":"minecraft:item/gui/skilltree_n"},{"type":"single","resource":"minecraft:item/gui/skilltree_e","sprite":"minecraft:item/gui/skilltree_e"},{"type":"single","resource":"minecraft:item/gui/skillicon_power","sprite":"minecraft:item/gui/skillicon_power"},{"type":"single","resource":"minecraft:item/gui/skillicon_mining","sprite":"minecraft:item/gui/skillicon_mining"},{"type":"single","resource":"minecraft:item/gui/skillicon_lightweapons","sprite":"minecraft:item/gui/skillicon_lightweapons"},{"type":"single","resource":"minecraft:item/gui/skillicon_lightarmor","sprite":"minecraft:item/gui/skillicon_lightarmor"},{"type":"single","resource":"minecraft:item/gui/skillicon_landscaping","sprite":"minecraft:item/gui/skillicon_landscaping"},{"type":"single","resource":"minecraft:item/gui/skillicon_heavyweapons","sprite":"minecraft:item/gui/skillicon_heavyweapons"},{"type":"single","resource":"minecraft:item/gui/skillicon_heavyarmor","sprite":"minecraft:item/gui/skillicon_heavyarmor"},{"type":"single","resource":"minecraft:item/gui/skillicon_farming","sprite":"minecraft:item/gui/skillicon_farming"},{"type":"single","resource":"minecraft:item/gui/skillicon_archery","sprite":"minecraft:item/gui/skillicon_archery"},{"type":"single","resource":"minecraft:item/gui/icon_ring","sprite":"minecraft:item/gui/icon_ring"},{"type":"single","resource":"minecraft:item/gui/icon_pin","sprite":"minecraft:item/gui/icon_pin"},{"type":"single","resource":"minecraft:item/gui/icon_necklace","sprite":"minecraft:item/gui/icon_necklace"},{"type":"single","resource":"minecraft:item/gui/icon_mask","sprite":"minecraft:item/gui/icon_mask"},{"type":"single","resource":"minecraft:item/gui/icon_locked_trinket_slot","sprite":"minecraft:item/gui/icon_locked_trinket_slot"},{"type":"single","resource":"minecraft:item/gui/icon_circlet","sprite":"minecraft:item/gui/icon_circlet"},{"type":"single","resource":"minecraft:item/gui/icon_bracer","sprite":"minecraft:item/gui/icon_bracer"},{"type":"single","resource":"minecraft:item/gui/icon_belt","sprite":"minecraft:item/gui/icon_belt"},{"type":"single","resource":"minecraft:item/gui/icon_accessory","sprite":"minecraft:item/gui/icon_accessory"},{"type":"single","resource":"minecraft:item/gui/connection_pieces/unlocked_endpoint_verti_top","sprite":"minecraft:item/gui/connection_pieces/unlocked_endpoint_verti_top"},{"type":"single","resource":"minecraft:item/gui/connection_pieces/unlocked_endpoint_verti_bottom","sprite":"minecraft:item/gui/connection_pieces/unlocked_endpoint_verti_bottom"},{"type":"single","resource":"minecraft:item/gui/connection_pieces/unlocked_endpoint_horiz_right","sprite":"minecraft:item/gui/connection_pieces/unlocked_endpoint_horiz_right"},{"type":"single","resource":"minecraft:item/gui/connection_pieces/unlocked_endpoint_horiz_left","sprite":"minecraft:item/gui/connection_pieces/unlocked_endpoint_horiz_left"},{"type":"single","resource":"minecraft:item/gui/connection_pieces/unlocked_endpoint_corner_toprgt_side","sprite":"minecraft:item/gui/connection_pieces/unlocked_endpoint_corner_toprgt_side"},{"type":"single","resource":"minecraft:item/gui/connection_pieces/unlocked_endpoint_corner_toprgt_ends","sprite":"minecraft:item/gui/connection_pieces/unlocked_endpoint_corner_toprgt_ends"},{"type":"single","resource":"minecraft:item/gui/connection_pieces/unlocked_endpoint_corner_toplft_side","sprite":"minecraft:item/gui/connection_pieces/unlocked_endpoint_corner_toplft_side"},{"type":"single","resource":"minecraft:item/gui/connection_pieces/unlocked_endpoint_corner_toplft_ends","sprite":"minecraft:item/gui/connection_pieces/unlocked_endpoint_corner_toplft_ends"},{"type":"single","resource":"minecraft:item/gui/connection_pieces/unlocked_endpoint_corner_botrgt_side","sprite":"minecraft:item/gui/connection_pieces/unlocked_endpoint_corner_botrgt_side"},{"type":"single","resource":"minecraft:item/gui/connection_pieces/unlocked_endpoint_corner_botrgt_ends","sprite":"minecraft:item/gui/connection_pieces/unlocked_endpoint_corner_botrgt_ends"},{"type":"single","resource":"minecraft:item/gui/connection_pieces/unlocked_endpoint_corner_botlft_side","sprite":"minecraft:item/gui/connection_pieces/unlocked_endpoint_corner_botlft_side"},{"type":"single","resource":"minecraft:item/gui/connection_pieces/unlocked_endpoint_corner_botlft_ends","sprite":"minecraft:item/gui/connection_pieces/unlocked_endpoint_corner_botlft_ends"},{"type":"single","resource":"minecraft:item/gui/connection_pieces/unlocked_direct_vertical","sprite":"minecraft:item/gui/connection_pieces/unlocked_direct_vertical"},{"type":"single","resource":"minecraft:item/gui/connection_pieces/unlocked_direct_horizontal","sprite":"minecraft:item/gui/connection_pieces/unlocked_direct_horizontal"},{"type":"single","resource":"minecraft:item/gui/connection_pieces/unlocked_direct_corner_toprgt","sprite":"minecraft:item/gui/connection_pieces/unlocked_direct_corner_toprgt"},{"type":"single","resource":"minecraft:item/gui/connection_pieces/unlocked_direct_corner_toplft","sprite":"minecraft:item/gui/connection_pieces/unlocked_direct_corner_toplft"},{"type":"single","resource":"minecraft:item/gui/connection_pieces/unlocked_direct_corner_botrgt","sprite":"minecraft:item/gui/connection_pieces/unlocked_direct_corner_botrgt"},{"type":"single","resource":"minecraft:item/gui/connection_pieces/unlocked_direct_corner_botlft","sprite":"minecraft:item/gui/connection_pieces/unlocked_direct_corner_botlft"},{"type":"single","resource":"minecraft:item/gui/connection_pieces/unlocked_continuous_vertical","sprite":"minecraft:item/gui/connection_pieces/unlocked_continuous_vertical"},{"type":"single","resource":"minecraft:item/gui/connection_pieces/unlocked_continuous_horizontal","sprite":"minecraft:item/gui/connection_pieces/unlocked_continuous_horizontal"},{"type":"single","resource":"minecraft:item/gui/connection_pieces/unlocked_continuous_corner_toprgt","sprite":"minecraft:item/gui/connection_pieces/unlocked_continuous_corner_toprgt"},{"type":"single","resource":"minecraft:item/gui/connection_pieces/unlocked_continuous_corner_toplft","sprite":"minecraft:item/gui/connection_pieces/unlocked_continuous_corner_toplft"},{"type":"single","resource":"minecraft:item/gui/connection_pieces/unlocked_continuous_corner_botrgt","sprite":"minecraft:item/gui/connection_pieces/unlocked_continuous_corner_botrgt"},{"type":"single","resource":"minecraft:item/gui/connection_pieces/unlocked_continuous_corner_botlft","sprite":"minecraft:item/gui/connection_pieces/unlocked_continuous_corner_botlft"},{"type":"single","resource":"minecraft:item/gui/connection_pieces/unlockable_endpoint_verti_top","sprite":"minecraft:item/gui/connection_pieces/unlockable_endpoint_verti_top"},{"type":"single","resource":"minecraft:item/gui/connection_pieces/unlockable_endpoint_verti_bottom","sprite":"minecraft:item/gui/connection_pieces/unlockable_endpoint_verti_bottom"},{"type":"single","resource":"minecraft:item/gui/connection_pieces/unlockable_endpoint_horiz_right","sprite":"minecraft:item/gui/connection_pieces/unlockable_endpoint_horiz_right"},{"type":"single","resource":"minecraft:item/gui/connection_pieces/unlockable_endpoint_horiz_left","sprite":"minecraft:item/gui/connection_pieces/unlockable_endpoint_horiz_left"},{"type":"single","resource":"minecraft:item/gui/connection_pieces/unlockable_endpoint_corner_toprgt_side","sprite":"minecraft:item/gui/connection_pieces/unlockable_endpoint_corner_toprgt_side"},{"type":"single","resource":"minecraft:item/gui/connection_pieces/unlockable_endpoint_corner_toprgt_ends","sprite":"minecraft:item/gui/connection_pieces/unlockable_endpoint_corner_toprgt_ends"},{"type":"single","resource":"minecraft:item/gui/connection_pieces/unlockable_endpoint_corner_toplft_side","sprite":"minecraft:item/gui/connection_pieces/unlockable_endpoint_corner_toplft_side"},{"type":"single","resource":"minecraft:item/gui/connection_pieces/unlockable_endpoint_corner_toplft_ends","sprite":"minecraft:item/gui/connection_pieces/unlockable_endpoint_corner_toplft_ends"},{"type":"single","resource":"minecraft:item/gui/connection_pieces/unlockable_endpoint_corner_botrgt_side","sprite":"minecraft:item/gui/connection_pieces/unlockable_endpoint_corner_botrgt_side"},{"type":"single","resource":"minecraft:item/gui/connection_pieces/unlockable_endpoint_corner_botrgt_ends","sprite":"minecraft:item/gui/connection_pieces/unlockable_endpoint_corner_botrgt_ends"},{"type":"single","resource":"minecraft:item/gui/connection_pieces/unlockable_endpoint_corner_botlft_side","sprite":"minecraft:item/gui/connection_pieces/unlockable_endpoint_corner_botlft_side"},{"type":"single","resource":"minecraft:item/gui/connection_pieces/unlockable_endpoint_corner_botlft_ends","sprite":"minecraft:item/gui/connection_pieces/unlockable_endpoint_corner_botlft_ends"},{"type":"single","resource":"minecraft:item/gui/connection_pieces/unlockable_direct_vertical","sprite":"minecraft:item/gui/connection_pieces/unlockable_direct_vertical"},{"type":"single","resource":"minecraft:item/gui/connection_pieces/unlockable_direct_horizontal","sprite":"minecraft:item/gui/connection_pieces/unlockable_direct_horizontal"},{"type":"single","resource":"minecraft:item/gui/connection_pieces/unlockable_direct_corner_toprgt","sprite":"minecraft:item/gui/connection_pieces/unlockable_direct_corner_toprgt"},{"type":"single","resource":"minecraft:item/gui/connection_pieces/unlockable_direct_corner_toplft","sprite":"minecraft:item/gui/connection_pieces/unlockable_direct_corner_toplft"},{"type":"single","resource":"minecraft:item/gui/connection_pieces/unlockable_direct_corner_botrgt","sprite":"minecraft:item/gui/connection_pieces/unlockable_direct_corner_botrgt"},{"type":"single","resource":"minecraft:item/gui/connection_pieces/unlockable_direct_corner_botlft","sprite":"minecraft:item/gui/connection_pieces/unlockable_direct_corner_botlft"},{"type":"single","resource":"minecraft:item/gui/connection_pieces/unlockable_continuous_vertical","sprite":"minecraft:item/gui/connection_pieces/unlockable_continuous_vertical"},{"type":"single","resource":"minecraft:item/gui/connection_pieces/unlockable_continuous_horizontal","sprite":"minecraft:item/gui/connection_pieces/unlockable_continuous_horizontal"},{"type":"single","resource":"minecraft:item/gui/connection_pieces/unlockable_continuous_corner_toprgt","sprite":"minecraft:item/gui/connection_pieces/unlockable_continuous_corner_toprgt"},{"type":"single","resource":"minecraft:item/gui/connection_pieces/unlockable_continuous_corner_toplft","sprite":"minecraft:item/gui/connection_pieces/unlockable_continuous_corner_toplft"},{"type":"single","resource":"minecraft:item/gui/connection_pieces/unlockable_continuous_corner_botrgt","sprite":"minecraft:item/gui/connection_pieces/unlockable_continuous_corner_botrgt"},{"type":"single","resource":"minecraft:item/gui/connection_pieces/unlockable_continuous_corner_botlft","sprite":"minecraft:item/gui/connection_pieces/unlockable_continuous_corner_botlft"},{"type":"single","resource":"minecraft:item/gui/connection_pieces/locked_endpoint_verti_top","sprite":"minecraft:item/gui/connection_pieces/locked_endpoint_verti_top"},{"type":"single","resource":"minecraft:item/gui/connection_pieces/locked_endpoint_verti_bottom","sprite":"minecraft:item/gui/connection_pieces/locked_endpoint_verti_bottom"},{"type":"single","resource":"minecraft:item/gui/connection_pieces/locked_endpoint_horiz_right","sprite":"minecraft:item/gui/connection_pieces/locked_endpoint_horiz_right"},{"type":"single","resource":"minecraft:item/gui/connection_pieces/locked_endpoint_horiz_left","sprite":"minecraft:item/gui/connection_pieces/locked_endpoint_horiz_left"},{"type":"single","resource":"minecraft:item/gui/connection_pieces/locked_endpoint_corner_toprgt_side","sprite":"minecraft:item/gui/connection_pieces/locked_endpoint_corner_toprgt_side"},{"type":"single","resource":"minecraft:item/gui/connection_pieces/locked_endpoint_corner_toprgt_ends","sprite":"minecraft:item/gui/connection_pieces/locked_endpoint_corner_toprgt_ends"},{"type":"single","resource":"minecraft:item/gui/connection_pieces/locked_endpoint_corner_toplft_side","sprite":"minecraft:item/gui/connection_pieces/locked_endpoint_corner_toplft_side"},{"type":"single","resource":"minecraft:item/gui/connection_pieces/locked_endpoint_corner_toplft_ends","sprite":"minecraft:item/gui/connection_pieces/locked_endpoint_corner_toplft_ends"},{"type":"single","resource":"minecraft:item/gui/connection_pieces/locked_endpoint_corner_botrgt_side","sprite":"minecraft:item/gui/connection_pieces/locked_endpoint_corner_botrgt_side"},{"type":"single","resource":"minecraft:item/gui/connection_pieces/locked_endpoint_corner_botrgt_ends","sprite":"minecraft:item/gui/connection_pieces/locked_endpoint_corner_botrgt_ends"},{"type":"single","resource":"minecraft:item/gui/connection_pieces/locked_endpoint_corner_botlft_side","sprite":"minecraft:item/gui/connection_pieces/locked_endpoint_corner_botlft_side"},{"type":"single","resource":"minecraft:item/gui/connection_pieces/locked_endpoint_corner_botlft_ends","sprite":"minecraft:item/gui/connection_pieces/locked_endpoint_corner_botlft_ends"},{"type":"single","resource":"minecraft:item/gui/connection_pieces/locked_direct_vertical","sprite":"minecraft:item/gui/connection_pieces/locked_direct_vertical"},{"type":"single","resource":"minecraft:item/gui/connection_pieces/locked_direct_horizontal","sprite":"minecraft:item/gui/connection_pieces/locked_direct_horizontal"},{"type":"single","resource":"minecraft:item/gui/connection_pieces/locked_direct_corner_toprgt","sprite":"minecraft:item/gui/connection_pieces/locked_direct_corner_toprgt"},{"type":"single","resource":"minecraft:item/gui/connection_pieces/locked_direct_corner_toplft","sprite":"minecraft:item/gui/connection_pieces/locked_direct_corner_toplft"},{"type":"single","resource":"minecraft:item/gui/connection_pieces/locked_direct_corner_botrgt","sprite":"minecraft:item/gui/connection_pieces/locked_direct_corner_botrgt"},{"type":"single","resource":"minecraft:item/gui/connection_pieces/locked_direct_corner_botlft","sprite":"minecraft:item/gui/connection_pieces/locked_direct_corner_botlft"},{"type":"single","resource":"minecraft:item/gui/connection_pieces/locked_continuous_vertical","sprite":"minecraft:item/gui/connection_pieces/locked_continuous_vertical"},{"type":"single","resource":"minecraft:item/gui/connection_pieces/locked_continuous_horizontal","sprite":"minecraft:item/gui/connection_pieces/locked_continuous_horizontal"},{"type":"single","resource":"minecraft:item/gui/connection_pieces/locked_continuous_corner_toprgt","sprite":"minecraft:item/gui/connection_pieces/locked_continuous_corner_toprgt"},{"type":"single","resource":"minecraft:item/gui/connection_pieces/locked_continuous_corner_toplft","sprite":"minecraft:item/gui/connection_pieces/locked_continuous_corner_toplft"},{"type":"single","resource":"minecraft:item/gui/connection_pieces/locked_continuous_corner_botrgt","sprite":"minecraft:item/gui/connection_pieces/locked_continuous_corner_botrgt"},{"type":"single","resource":"minecraft:item/gui/connection_pieces/locked_continuous_corner_botlft","sprite":"minecraft:item/gui/connection_pieces/locked_continuous_corner_botlft"},{"type":"single","resource":"minecraft:item/gui/button_toggle_unlocked_for_everyone","sprite":"minecraft:item/gui/button_toggle_unlocked_for_everyone"},{"type":"single","resource":"minecraft:item/gui/button_toggle_tinker","sprite":"minecraft:item/gui/button_toggle_tinker"},{"type":"single","resource":"minecraft:item/gui/button_toggle_exact_meta","sprite":"minecraft:item/gui/button_toggle_exact_meta"},{"type":"single","resource":"minecraft:item/gui/button_set_tool_requirement","sprite":"minecraft:item/gui/button_set_tool_requirement"},{"type":"single","resource":"minecraft:item/gui/button_select_tool","sprite":"minecraft:item/gui/button_select_tool"},{"type":"single","resource":"minecraft:item/gui/button_select_tinker_item","sprite":"minecraft:item/gui/button_select_tinker_item"},{"type":"single","resource":"minecraft:item/gui/button_save","sprite":"minecraft:item/gui/button_save"},{"type":"single","resource":"minecraft:item/gui/button_return_to_menu","sprite":"minecraft:item/gui/button_return_to_menu"},{"type":"single","resource":"minecraft:item/gui/button_recipe_options","sprite":"minecraft:item/gui/button_recipe_options"},{"type":"single","resource":"minecraft:item/gui/button_prevpage","sprite":"minecraft:item/gui/button_prevpage"},{"type":"single","resource":"minecraft:item/gui/button_nextpage","sprite":"minecraft:item/gui/button_nextpage"},{"type":"single","resource":"minecraft:item/gui/button_newrecipe","sprite":"minecraft:item/gui/button_newrecipe"},{"type":"single","resource":"minecraft:item/gui/button_loot_selection_active","sprite":"minecraft:item/gui/button_loot_selection_active"},{"type":"single","resource":"minecraft:item/gui/button_loot_selection","sprite":"minecraft:item/gui/button_loot_selection"},{"type":"single","resource":"minecraft:item/gui/button_favouriting","sprite":"minecraft:item/gui/button_favouriting"},{"type":"single","resource":"minecraft:item/gui/button_delete_confirm","sprite":"minecraft:item/gui/button_delete_confirm"},{"type":"single","resource":"minecraft:item/gui/button_delete","sprite":"minecraft:item/gui/button_delete"},{"type":"single","resource":"minecraft:item/gui/button_custom_tool_requirement","sprite":"minecraft:item/gui/button_custom_tool_requirement"},{"type":"single","resource":"minecraft:item/gui/button_crafting_time","sprite":"minecraft:item/gui/button_crafting_time"},{"type":"single","resource":"minecraft:item/gui/button_confirm_selection","sprite":"minecraft:item/gui/button_confirm_selection"},{"type":"single","resource":"minecraft:item/gui/button_blockvalidation","sprite":"minecraft:item/gui/button_blockvalidation"},{"type":"single","resource":"minecraft:item/foods/jewelled_apple","sprite":"minecraft:item/foods/jewelled_apple"},{"type":"single","resource":"minecraft:item/arrows/arrow_wood","sprite":"minecraft:item/arrows/arrow_wood"},{"type":"single","resource":"minecraft:item/arrows/arrow_unholy","sprite":"minecraft:item/arrows/arrow_unholy"},{"type":"single","resource":"minecraft:item/arrows/arrow_stone","sprite":"minecraft:item/arrows/arrow_stone"},{"type":"single","resource":"minecraft:item/arrows/arrow_netherite","sprite":"minecraft:item/arrows/arrow_netherite"},{"type":"single","resource":"minecraft:item/arrows/arrow_lightning","sprite":"minecraft:item/arrows/arrow_lightning"},{"type":"single","resource":"minecraft:item/arrows/arrow_iron","sprite":"minecraft:item/arrows/arrow_iron"},{"type":"single","resource":"minecraft:item/arrows/arrow_incendiary","sprite":"minecraft:item/arrows/arrow_incendiary"},{"type":"single","resource":"minecraft:item/arrows/arrow_gold","sprite":"minecraft:item/arrows/arrow_gold"},{"type":"single","resource":"minecraft:item/arrows/arrow_flint","sprite":"minecraft:item/arrows/arrow_flint"},{"type":"single","resource":"minecraft:item/arrows/arrow_explosive","sprite":"minecraft:item/arrows/arrow_explosive"},{"type":"single","resource":"minecraft:item/arrows/arrow_ender","sprite":"minecraft:item/arrows/arrow_ender"},{"type":"single","resource":"minecraft:item/arrows/arrow_diamond","sprite":"minecraft:item/arrows/arrow_diamond"},{"type":"single","resource":"minecraft:item/arrows/arrow_copper","sprite":"minecraft:item/arrows/arrow_copper"},{"type":"single","resource":"minecraft:item/arrows/arrow_carbon","sprite":"minecraft:item/arrows/arrow_carbon"},{"type":"single","resource":"minecraft:item/armor/copper_leggings","sprite":"minecraft:item/armor/copper_leggings"},{"type":"single","resource":"minecraft:item/armor/copper_helmet","sprite":"minecraft:item/armor/copper_helmet"},{"type":"single","resource":"minecraft:item/armor/copper_chestplate","sprite":"minecraft:item/armor/copper_chestplate"},{"type":"single","resource":"minecraft:item/armor/copper_boots","sprite":"minecraft:item/armor/copper_boots"},{"type":"single","resource":"minecraft:font/tinkering_gui_0r","sprite":"minecraft:font/tinkering_gui_0r"},{"type":"single","resource":"minecraft:font/template","sprite":"minecraft:font/template"},{"type":"single","resource":"minecraft:font/loot_table_selection","sprite":"minecraft:font/loot_table_selection"},{"type":"single","resource":"minecraft:font/loot_table_editor","sprite":"minecraft:font/loot_table_editor"},{"type":"single","resource":"minecraft:font/effect_icons/smaller_crest","sprite":"minecraft:font/effect_icons/smaller_crest"},{"type":"single","resource":"minecraft:font/effect_icons/crest","sprite":"minecraft:font/effect_icons/crest"},{"type":"single","resource":"minecraft:font/effect_icons/charm_template","sprite":"minecraft:font/effect_icons/charm_template"},{"type":"single","resource":"minecraft:font/effect_icons/attack_damage.b","sprite":"minecraft:font/effect_icons/attack_damage.b"},{"type":"single","resource":"minecraft:font/crafting_gui_5r","sprite":"minecraft:font/crafting_gui_5r"},{"type":"single","resource":"minecraft:font/borders/legendary","sprite":"minecraft:font/borders/legendary"},{"type":"single","resource":"minecraft:default/wood_sword","sprite":"minecraft:default/wood_sword"},{"type":"single","resource":"minecraft:default/withooker","sprite":"minecraft:default/withooker"},{"type":"single","resource":"minecraft:default/witch_hat2","sprite":"minecraft:default/witch_hat2"},{"type":"single","resource":"minecraft:default/witch_hat1","sprite":"minecraft:default/witch_hat1"},{"type":"single","resource":"minecraft:default/witch_hat0","sprite":"minecraft:default/witch_hat0"},{"type":"single","resource":"minecraft:default/welcome_disk","sprite":"minecraft:default/welcome_disk"},{"type":"single","resource":"minecraft:default/weed/vegatative","sprite":"minecraft:default/weed/vegatative"},{"type":"single","resource":"minecraft:default/weed/seedling","sprite":"minecraft:default/weed/seedling"},{"type":"single","resource":"minecraft:default/weed/seed","sprite":"minecraft:default/weed/seed"},{"type":"single","resource":"minecraft:default/weed/leaf","sprite":"minecraft:default/weed/leaf"},{"type":"single","resource":"minecraft:default/weed/harvest","sprite":"minecraft:default/weed/harvest"},{"type":"single","resource":"minecraft:default/weed/flowering","sprite":"minecraft:default/weed/flowering"},{"type":"single","resource":"minecraft:default/turntable_disk","sprite":"minecraft:default/turntable_disk"},{"type":"single","resource":"minecraft:default/turntable","sprite":"minecraft:default/turntable"},{"type":"single","resource":"minecraft:default/table","sprite":"minecraft:default/table"},{"type":"single","resource":"minecraft:default/storm_sword4","sprite":"minecraft:default/storm_sword4"},{"type":"single","resource":"minecraft:default/storm_sword3","sprite":"minecraft:default/storm_sword3"},{"type":"single","resource":"minecraft:default/storm_sword2","sprite":"minecraft:default/storm_sword2"},{"type":"single","resource":"minecraft:default/storm_sword1","sprite":"minecraft:default/storm_sword1"},{"type":"single","resource":"minecraft:default/storm_sword0","sprite":"minecraft:default/storm_sword0"},{"type":"single","resource":"minecraft:default/space_helmet","sprite":"minecraft:default/space_helmet"},{"type":"single","resource":"minecraft:default/shelf","sprite":"minecraft:default/shelf"},{"type":"single","resource":"minecraft:default/sandwitch","sprite":"minecraft:default/sandwitch"},{"type":"single","resource":"minecraft:default/ruby_ore","sprite":"minecraft:default/ruby_ore"},{"type":"single","resource":"minecraft:default/ruby","sprite":"minecraft:default/ruby"},{"type":"single","resource":"minecraft:default/pharaoh_head","sprite":"minecraft:default/pharaoh_head"},{"type":"single","resource":"minecraft:default/orax_ore","sprite":"minecraft:default/orax_ore"},{"type":"single","resource":"minecraft:default/orax_hammer","sprite":"minecraft:default/orax_hammer"},{"type":"single","resource":"minecraft:default/orax","sprite":"minecraft:default/orax"},{"type":"single","resource":"minecraft:default/onyx_ore","sprite":"minecraft:default/onyx_ore"},{"type":"single","resource":"minecraft:default/onyx_hammer","sprite":"minecraft:default/onyx_hammer"},{"type":"single","resource":"minecraft:default/onyx","sprite":"minecraft:default/onyx"},{"type":"single","resource":"minecraft:default/octavia_sword","sprite":"minecraft:default/octavia_sword"},{"type":"single","resource":"minecraft:default/obsidian_sword","sprite":"minecraft:default/obsidian_sword"},{"type":"single","resource":"minecraft:default/obsidian_pickaxe","sprite":"minecraft:default/obsidian_pickaxe"},{"type":"single","resource":"minecraft:default/magical_wand1","sprite":"minecraft:default/magical_wand1"},{"type":"single","resource":"minecraft:default/magical_wand0","sprite":"minecraft:default/magical_wand0"},{"type":"single","resource":"minecraft:default/magical_axe1","sprite":"minecraft:default/magical_axe1"},{"type":"single","resource":"minecraft:default/magical_axe0","sprite":"minecraft:default/magical_axe0"},{"type":"single","resource":"minecraft:default/magic_book","sprite":"minecraft:default/magic_book"},{"type":"single","resource":"minecraft:default/legendary_hammer1","sprite":"minecraft:default/legendary_hammer1"},{"type":"single","resource":"minecraft:default/legendary_hammer0","sprite":"minecraft:default/legendary_hammer0"},{"type":"single","resource":"minecraft:default/katana2","sprite":"minecraft:default/katana2"},{"type":"single","resource":"minecraft:default/katana1","sprite":"minecraft:default/katana1"},{"type":"single","resource":"minecraft:default/katana0","sprite":"minecraft:default/katana0"},{"type":"single","resource":"minecraft:default/iron_serpe","sprite":"minecraft:default/iron_serpe"},{"type":"single","resource":"minecraft:default/iron_cog","sprite":"minecraft:default/iron_cog"},{"type":"single","resource":"minecraft:default/ice_staff","sprite":"minecraft:default/ice_staff"},{"type":"single","resource":"minecraft:default/great_sword","sprite":"minecraft:default/great_sword"},{"type":"single","resource":"minecraft:default/grape_seeds","sprite":"minecraft:default/grape_seeds"},{"type":"single","resource":"minecraft:default/grape3","sprite":"minecraft:default/grape3"},{"type":"single","resource":"minecraft:default/grape2","sprite":"minecraft:default/grape2"},{"type":"single","resource":"minecraft:default/grape1","sprite":"minecraft:default/grape1"},{"type":"single","resource":"minecraft:default/grape0","sprite":"minecraft:default/grape0"},{"type":"single","resource":"minecraft:default/grape","sprite":"minecraft:default/grape"},{"type":"single","resource":"minecraft:default/gold_cog","sprite":"minecraft:default/gold_cog"},{"type":"single","resource":"minecraft:default/goblin_beetle4","sprite":"minecraft:default/goblin_beetle4"},{"type":"single","resource":"minecraft:default/goblin_beetle3","sprite":"minecraft:default/goblin_beetle3"},{"type":"single","resource":"minecraft:default/goblin_beetle2","sprite":"minecraft:default/goblin_beetle2"},{"type":"single","resource":"minecraft:default/goblin_beetle1","sprite":"minecraft:default/goblin_beetle1"},{"type":"single","resource":"minecraft:default/goblin_beetle0","sprite":"minecraft:default/goblin_beetle0"},{"type":"single","resource":"minecraft:default/glass_sword","sprite":"minecraft:default/glass_sword"},{"type":"single","resource":"minecraft:default/flowers/dailily","sprite":"minecraft:default/flowers/dailily"},{"type":"single","resource":"minecraft:default/flowers/daffodil","sprite":"minecraft:default/flowers/daffodil"},{"type":"single","resource":"minecraft:default/flowers/brunnera","sprite":"minecraft:default/flowers/brunnera"},{"type":"single","resource":"minecraft:default/fire_hammer","sprite":"minecraft:default/fire_hammer"},{"type":"single","resource":"minecraft:default/energy_crystal_sword","sprite":"minecraft:default/energy_crystal_sword"},{"type":"single","resource":"minecraft:default/emerald_hammer","sprite":"minecraft:default/emerald_hammer"},{"type":"single","resource":"minecraft:default/earth_hammer","sprite":"minecraft:default/earth_hammer"},{"type":"single","resource":"minecraft:default/divine_shield","sprite":"minecraft:default/divine_shield"},{"type":"single","resource":"minecraft:default/diamond_cog","sprite":"minecraft:default/diamond_cog"},{"type":"single","resource":"minecraft:default/dagger3","sprite":"minecraft:default/dagger3"},{"type":"single","resource":"minecraft:default/dagger2","sprite":"minecraft:default/dagger2"},{"type":"single","resource":"minecraft:default/dagger1","sprite":"minecraft:default/dagger1"},{"type":"single","resource":"minecraft:default/dagger0","sprite":"minecraft:default/dagger0"},{"type":"single","resource":"minecraft:default/crown","sprite":"minecraft:default/crown"},{"type":"single","resource":"minecraft:default/combat_bow","sprite":"minecraft:default/combat_bow"},{"type":"single","resource":"minecraft:default/coach","sprite":"minecraft:default/coach"},{"type":"single","resource":"minecraft:default/chair","sprite":"minecraft:default/chair"},{"type":"single","resource":"minecraft:default/caveblock","sprite":"minecraft:default/caveblock"},{"type":"single","resource":"minecraft:default/cart","sprite":"minecraft:default/cart"},{"type":"single","resource":"minecraft:default/bone_sword","sprite":"minecraft:default/bone_sword"},{"type":"single","resource":"minecraft:default/blood_sword","sprite":"minecraft:default/blood_sword"},{"type":"single","resource":"minecraft:default/bedrock_pickaxe2","sprite":"minecraft:default/bedrock_pickaxe2"},{"type":"single","resource":"minecraft:default/bedrock_pickaxe1","sprite":"minecraft:default/bedrock_pickaxe1"},{"type":"single","resource":"minecraft:default/bedrock_pickaxe0","sprite":"minecraft:default/bedrock_pickaxe0"},{"type":"single","resource":"minecraft:default/battle_axe","sprite":"minecraft:default/battle_axe"},{"type":"single","resource":"minecraft:default/armors/ruby_leggings","sprite":"minecraft:default/armors/ruby_leggings"},{"type":"single","resource":"minecraft:default/armors/ruby_helmet","sprite":"minecraft:default/armors/ruby_helmet"},{"type":"single","resource":"minecraft:default/armors/ruby_chestplate","sprite":"minecraft:default/armors/ruby_chestplate"},{"type":"single","resource":"minecraft:default/armors/ruby_boots","sprite":"minecraft:default/armors/ruby_boots"},{"type":"single","resource":"minecraft:default/armors/obsidian_leggings","sprite":"minecraft:default/armors/obsidian_leggings"},{"type":"single","resource":"minecraft:default/armors/obsidian_helmet","sprite":"minecraft:default/armors/obsidian_helmet"},{"type":"single","resource":"minecraft:default/armors/obsidian_chestplate","sprite":"minecraft:default/armors/obsidian_chestplate"},{"type":"single","resource":"minecraft:default/armors/obsidian_boots","sprite":"minecraft:default/armors/obsidian_boots"},{"type":"single","resource":"minecraft:default/armors/emerald_leggings","sprite":"minecraft:default/armors/emerald_leggings"},{"type":"single","resource":"minecraft:default/armors/emerald_helmet","sprite":"minecraft:default/armors/emerald_helmet"},{"type":"single","resource":"minecraft:default/armors/emerald_chestplate","sprite":"minecraft:default/armors/emerald_chestplate"},{"type":"single","resource":"minecraft:default/armors/emerald_boots","sprite":"minecraft:default/armors/emerald_boots"},{"type":"single","resource":"minecraft:default/anubis_head","sprite":"minecraft:default/anubis_head"},{"type":"single","resource":"minecraft:default/amethyst_ore","sprite":"minecraft:default/amethyst_ore"},{"type":"single","resource":"minecraft:default/amethyst_hammer","sprite":"minecraft:default/amethyst_hammer"},{"type":"single","resource":"minecraft:default/amethyst","sprite":"minecraft:default/amethyst"}]}