{"textures":{"0":"modelengine:entity/training_dummy","particle":"#0"},"elements":[{"from":[4.5,8.25,4.5],"to":[11.5,15.25,11.5],"faces":{"east":{"uv":[5.25,5.75,7.0,7.5],"tintindex":0,"rotation":0,"texture":"#0"},"south":{"uv":[6.25,0.0,8.0,1.75],"tintindex":0,"rotation":0,"texture":"#0"},"north":{"uv":[5.25,4.0,7.0,5.75],"tintindex":0,"rotation":0,"texture":"#0"},"west":{"uv":[6.25,1.75,8.0,3.5],"tintindex":0,"rotation":0,"texture":"#0"},"up":{"uv":[1.75,8.25,0.0,6.5],"tintindex":0,"rotation":0,"texture":"#0"},"down":{"uv":[3.5,6.5,1.75,8.25],"tintindex":0,"rotation":0,"texture":"#0"}}}],"display":{"head":{"rotation":[0.0,0.0,0.0]},"firstperson_righthand":{"rotation":[0.0,0.0,0.0]},"thirdperson_lefthand":{"rotation":[0.0,-0.0,-0.0]},"firstperson_lefthand":{"rotation":[0.0,-0.0,-0.0]},"fixed":{"rotation":[0.0,0.0,0.0]},"ground":{"rotation":[0.0,0.0,0.0]},"thirdperson_righthand":{"rotation":[0.0,0.0,0.0]},"gui":{"rotation":[-150.0,-45.0,180.0]}}}