{"textures":{"0":"modelengine:entity/training_dummy","particle":"#0"},"elements":[{"from":[5.0,-4.5,5.5],"to":[8.0,8.5,10.5],"faces":{"east":{"uv":[3.0,3.25,4.25,6.5],"tintindex":0,"rotation":0,"texture":"#0"},"south":{"uv":[7.0,6.5,7.75,9.75],"tintindex":0,"rotation":0,"texture":"#0"},"north":{"uv":[3.5,6.5,4.25,9.75],"tintindex":0,"rotation":0,"texture":"#0"},"west":{"uv":[4.0,0.0,5.25,3.25],"tintindex":0,"rotation":0,"texture":"#0"},"up":{"uv":[7.0,8.75,6.25,7.5],"tintindex":0,"rotation":0,"texture":"#0"},"down":{"uv":[7.0,8.75,6.25,10.0],"tintindex":0,"rotation":0,"texture":"#0"}}}],"display":{"head":{"rotation":[0.0,0.0,0.0]},"firstperson_righthand":{"rotation":[0.0,0.0,0.0]},"thirdperson_lefthand":{"rotation":[0.0,-0.0,-0.0]},"firstperson_lefthand":{"rotation":[0.0,-0.0,-0.0]},"fixed":{"rotation":[0.0,0.0,0.0]},"ground":{"rotation":[0.0,0.0,0.0]},"thirdperson_righthand":{"rotation":[0.0,0.0,0.0]},"gui":{"rotation":[-150.0,-45.0,180.0]}}}