{"parent":"item/handheld","textures":{"layer0":"item/diamond_sword"},"overrides":[{"predicate":{"custom_model_data":1001},"model":"default/magic_book"},{"predicate":{"custom_model_data":1002},"model":"default/great_sword"},{"predicate":{"custom_model_data":1003},"model":"default/bone_sword"},{"predicate":{"custom_model_data":1004},"model":"default/wood_sword"},{"predicate":{"custom_model_data":1005},"model":"default/storm_sword"},{"predicate":{"custom_model_data":1006},"model":"default/energy_crystal_sword"},{"predicate":{"custom_model_data":1007},"model":"glass_sword"},{"predicate":{"custom_model_data":1008},"model":"obsidian_sword"},{"predicate":{"custom_model_data":1009},"model":"default/blood_sword"},{"predicate":{"custom_model_data":1010},"model":"default/octavia_sword"},{"predicate":{"custom_model_data":1011},"model":"default/dagger"},{"predicate":{"custom_model_data":1012},"model":"default/katana"},{"predicate":{"custom_model_data":1981820},"model":"item/weapons/diamond_dagger"},{"predicate":{"custom_model_data":1981821},"model":"item/weapons/diamond_mace"},{"predicate":{"custom_model_data":1981822},"model":"item/weapons/diamond_rapier"},{"predicate":{"custom_model_data":1981825},"model":"item/weapons/diamond_warhammer"},{"predicate":{"custom_model_data":1981826},"model":"item/weapons/diamond_spear"},{"predicate":{"custom_model_data":1981827},"model":"item/weapons/diamond_greataxe"}]}