{"textures":{"0":"modelengine:entity/training_dummy","particle":"#0"},"elements":[{"from":[0.0,8.0,6.0],"to":[6.0,10.0,10.0],"faces":{"east":{"uv":[9.0,4.25,10.0,4.75],"tintindex":0,"rotation":0,"texture":"#0"},"south":{"uv":[9.0,0.5,10.5,1.0],"tintindex":0,"rotation":0,"texture":"#0"},"north":{"uv":[9.0,0.0,10.5,0.5],"tintindex":0,"rotation":0,"texture":"#0"},"west":{"uv":[9.0,4.75,10.0,5.25],"tintindex":0,"rotation":0,"texture":"#0"},"up":{"uv":[1.5,9.25,0.0,8.25],"tintindex":0,"rotation":0,"texture":"#0"},"down":{"uv":[3.0,8.25,1.5,9.25],"tintindex":0,"rotation":0,"texture":"#0"}}},{"from":[10.0,8.0,6.0],"to":[16.0,10.0,10.0],"faces":{"east":{"uv":[9.0,5.25,10.0,5.75],"tintindex":0,"rotation":0,"texture":"#0"},"south":{"uv":[9.0,1.5,10.5,2.0],"tintindex":0,"rotation":0,"texture":"#0"},"north":{"uv":[9.0,1.0,10.5,1.5],"tintindex":0,"rotation":0,"texture":"#0"},"west":{"uv":[9.0,5.75,10.0,6.25],"tintindex":0,"rotation":0,"texture":"#0"},"up":{"uv":[10.25,7.5,8.75,6.5],"tintindex":0,"rotation":0,"texture":"#0"},"down":{"uv":[10.25,7.5,8.75,8.5],"tintindex":0,"rotation":0,"texture":"#0"}}},{"from":[6.0,10.0,6.0],"to":[10.0,19.0,10.0],"faces":{"east":{"uv":[5.25,7.5,6.25,9.75],"tintindex":0,"rotation":0,"texture":"#0"},"south":{"uv":[7.75,6.5,8.75,8.75],"tintindex":0,"rotation":0,"texture":"#0"},"north":{"uv":[4.25,7.25,5.25,9.5],"tintindex":0,"rotation":0,"texture":"#0"},"west":{"uv":[8.0,0.0,9.0,2.25],"tintindex":0,"rotation":0,"texture":"#0"},"up":{"uv":[8.75,9.75,7.75,8.75],"tintindex":0,"rotation":0,"texture":"#0"},"down":{"uv":[9.75,8.5,8.75,9.5],"tintindex":0,"rotation":0,"texture":"#0"}}},{"from":[6.0,8.0,0.0],"to":[10.0,10.0,16.0],"faces":{"east":{"uv":[8.0,2.25,12.0,2.75],"tintindex":0,"rotation":0,"texture":"#0"},"south":{"uv":[9.0,3.75,10.0,4.25],"tintindex":0,"rotation":0,"texture":"#0"},"north":{"uv":[9.0,3.25,10.0,3.75],"tintindex":0,"rotation":0,"texture":"#0"},"west":{"uv":[8.0,2.75,12.0,3.25],"tintindex":0,"rotation":0,"texture":"#0"},"up":{"uv":[5.25,7.25,4.25,3.25],"tintindex":0,"rotation":0,"texture":"#0"},"down":{"uv":[6.25,0.0,5.25,4.0],"tintindex":0,"rotation":0,"texture":"#0"}}}],"display":{"head":{"rotation":[0.0,0.0,0.0]},"firstperson_righthand":{"rotation":[0.0,0.0,0.0]},"thirdperson_lefthand":{"rotation":[0.0,-0.0,-0.0]},"firstperson_lefthand":{"rotation":[0.0,-0.0,-0.0]},"fixed":{"rotation":[0.0,0.0,0.0]},"ground":{"rotation":[0.0,0.0,0.0]},"thirdperson_righthand":{"rotation":[0.0,0.0,0.0]},"gui":{"rotation":[-150.0,-45.0,180.0]}}}